DATA DE FECHAMENTO;MÊS;ANO;VALOR
24/04/2020 00:00;4;20;3945
25/04/2020 00:00;4;20;4285
26/04/2020 00:00;4;20;4285
27/04/2020 00:00;4;20;4745
28/04/2020 00:00;4;20;4945
29/04/2020 00:00;4;20;5045
29/04/2020 00:00;4;20;5095
29/04/2020 00:00;4;20;5095
29/04/2020 00:00;4;20;5095
29/04/2020 00:00;4;20;5155
01/05/2020 00:00;4;20;5605
02/05/2020 00:00;5;20;100
02/05/2020 00:00;5;20;100
02/05/2020 00:00;5;20;100
02/05/2020 00:00;5;20;140
02/05/2020 00:00;5;20;140
02/05/2020 00:00;5;20;140
02/05/2020 00:00;5;20;140
02/05/2020 00:00;5;20;140
02/05/2020 00:00;5;20;140
02/05/2020 00:00;5;20;140
02/05/2020 00:00;5;20;200
02/05/2020 00:00;4;20;5605
02/05/2020 00:00;4;20;5605
02/05/2020 00:00;4;20;5605
02/05/2020 00:00;4;20;5605
05/05/2020 00:00;5;20;625
07/05/2020 00:00;5;20;985
07/05/2020 00:00;;;0
07/05/2020 00:00;;;0
09/05/2020 00:00;5;20;2145
11/05/2020 00:00;5;20;2455
12/05/2020 00:00;5;20;2455
15/05/2020 00:00;5;20;3345
16/05/2020 00:00;5;20;3365
16/05/2020 00:00;5;20;3365
16/05/2020 00:00;5;20;3365
18/05/2020 00:00;5;20;3955
18/05/2020 00:00;5;20;3995
20/05/2020 00:00;5;20;4765
20/05/2020 00:00;5;20;4765
23/05/2020 00:00;5;20;5125
23/05/2020 00:00;5;;0
23/05/2020 00:00;5;20;5165
23/05/2020 00:00;4;20;5605
23/05/2020 00:00;5;20;5185
23/05/2020 00:00;5;20;5185
23/05/2020 00:00;5;20;5185
25/05/2020 00:00;5;20;5255
25/05/2020 00:00;5;20;5275
25/05/2020 00:00;5;20;5595
26/05/2020 00:00;5;20;5685
27/05/2020 00:00;5;20;5905
27/05/2020 00:00;5;20;6015
27/05/2020 00:00;5;20;6015
27/05/2020 00:00;5;20;6205
28/05/2020 00:00;5;20;6315
28/05/2020 00:00;5;20;6335
29/05/2020 00:00;5;20;6435
30/05/2020 00:00;5;20;7365
01/06/2020 00:00;5;20;7365
02/06/2020 00:00;6;20;280
03/06/2020 00:00;6;20;590
03/06/2020 00:00;6;20;590
03/06/2020 00:00;6;20;610
03/06/2020 00:00;6;20;690
04/06/2020 00:00;6;20;730
04/06/2020 00:00;6;20;830
05/06/2020 00:00;6;20;1120
05/06/2020 00:00;6;20;1120
05/06/2020 00:00;6;20;1140
06/06/2020 00:00;6;20;1240
08/06/2020 00:00;6;20;1340
08/06/2020 00:00;6;20;1600
10/06/2020 00:00;6;20;2160
11/06/2020 00:00;6;20;2450
12/06/2020 00:00;6;20;2450
12/06/2020 00:00;6;20;2530
12/06/2020 00:00;6;20;2700
12/06/2020 00:00;6;203;0
12/06/2020 00:00;6;203;0
12/06/2020 00:00;6;20;2750
13/06/2020 00:00;6;20;2750
15/06/2020 00:00;6;20;3800
15/06/2020 00:00;5;20;7365
15/06/2020 00:00;6;20;4010
15/06/2020 00:00;6;20;4030
16/06/2020 00:00;6;20;4320
16/06/2020 00:00;6;20;4320
16/06/2020 00:00;6;20;4320
16/06/2020 00:00;6;20;4320
16/06/2020 00:00;6;20;4320
16/06/2020 00:00;6;20;4320
17/06/2020 00:00;6;20;4320
18/06/2020 00:00;6;20;4460
19/06/2020 00:00;6;20;4500
22/06/2020 00:00;6;20;5470
23/06/2020 00:00;6;20;6250
24/06/2020 00:00;6;20;6250
24/06/2020 00:00;6;20;6370
24/06/2020 00:00;6;20;6370
24/06/2020 00:00;6;20;6390
25/06/2020 00:00;6;20;6450
25/06/2020 00:00;6;20;6490
26/06/2020 00:00;6;20;6490
26/06/2020 00:00;4;20;5605
26/06/2020 00:00;5;20;7365
26/06/2020 00:00;6;20;6840
27/06/2020 00:00;6;20;6840
27/06/2020 00:00;6;20;7190
29/06/2020 00:00;6;20;7210
29/06/2020 00:00;6;20;7300
29/06/2020 00:00;4;20;5605
29/06/2020 00:00;5;20;7365
29/06/2020 00:00;6;20;7300
29/06/2020 00:00;6;20;7320
01/07/2020 00:00;6;20;7320
03/07/2020 00:00;7;20;572
04/07/2020 00:00;7;20;1232
04/07/2020 00:00;7;20;1692
04/07/2020 00:00;7;20;1692
05/07/2020 00:00;7;20;1692
05/07/2020 00:00;7;20;1692
06/07/2020 00:00;7;20;1792
06/07/2020 00:00;7;20;1792
08/07/2020 00:00;7;20;2092
09/07/2020 00:00;7;20;2172
09/07/2020 00:00;7;20;2252
09/07/2020 00:00;6;20;7320
11/07/2020 00:00;7;20;2742
11/07/2020 00:00;6;20;7320
11/07/2020 00:00;4;20;5605
11/07/2020 00:00;5;20;7365
11/07/2020 00:00;7;20;3082
11/07/2020 00:00;7;20;3062
13/07/2020 00:00;7;20;3182
13/07/2020 00:00;7;2020;0
13/07/2020 00:00;7;20;3612
13/07/2020 00:00;7;20;3612
13/07/2020 00:00;7;20;3612
13/07/2020 00:00;7;20;3612
13/07/2020 00:00;7;20;3612
13/07/2020 00:00;7;20;3612
13/07/2020 00:00;7;20;3612
14/07/2020 00:00;7;20;3612
14/07/2020 00:00;7;20;3822
14/07/2020 00:00;7;20;3822
15/07/2020 00:00;7;20;3822
15/07/2020 00:00;7;20;3862
15/07/2020 00:00;7;20;3922
15/07/2020 00:00;7;20;3962
15/07/2020 00:00;;;0
16/07/2020 00:00;7;20;3962
16/07/2020 00:00;7;20;4112
17/07/2020 00:00;7;20;4542
17/07/2020 00:00;7;20;4882
18/07/2020 00:00;7;20;4942
20/07/2020 00:00;7;20;5982
21/07/2020 00:00;7;20;6062
21/07/2020 00:00;7;2020;0
21/07/2020 00:00;7;2020;0
21/07/2020 00:00;7;20;6062
21/07/2020 00:00;7;20;6062
21/07/2020 00:00;7;20;6062
21/07/2020 00:00;7;20;6062
21/07/2020 00:00;7;20;6062
21/07/2020 00:00;7;20;6062
23/07/2020 00:00;7;20;7122
23/07/2020 00:00;6;20;7320
23/07/2020 00:00;7;20;7122
23/07/2020 00:00;7;20;7342
23/07/2020 00:00;7;20;7382
24/07/2020 00:00;7;20;7392
24/07/2020 00:00;7;20;7482
24/07/2020 00:00;7;20;7482
24/07/2020 00:00;7;20;7582
25/07/2020 00:00;7;20;7652
25/07/2020 00:00;7;20;8032
25/07/2020 00:00;7;20;8092
25/07/2020 00:00;7;20;8092
27/07/2020 00:00;7;20;8112
27/07/2020 00:00;7;20;8212
27/07/2020 00:00;7;20;8302
28/07/2020 00:00;7;20;8302
28/07/2020 00:00;7;20;9012
29/07/2020 00:00;7;20;9012
29/07/2020 00:00;7;20;9112
29/07/2020 00:00;6;20;7320
29/07/2020 00:00;7;20;9162
29/07/2020 00:00;7;20;9322
29/07/2020 00:00;7;20;9322
30/07/2020 00:00;7;20;9322
30/07/2020 00:00;7;20;9902
30/07/2020 00:00;7;20;10032
30/07/2020 00:00;7;20;10032
30/07/2020 00:00;7;20;10032
31/07/2020 00:00;7;20;10032
31/07/2020 00:00;7;20;10044
31/07/2020 00:00;7;20;10314
31/07/2020 00:00;7;20;10314
31/07/2020 00:00;7;20;10314
31/07/2020 00:00;7;20;10314
31/07/2020 00:00;7;20;10314
31/07/2020 00:00;7;20;10354
01/08/2020 00:00;7;20;10354
01/08/2020 00:00;7;20;10354
03/08/2020 00:00;8;20;1050
04/08/2020 00:00;8;20;1970
04/08/2020 00:00;8;20;1970
04/08/2020 00:00;8;20;1970
04/08/2020 00:00;8;20;2050
04/08/2020 00:00;8;20;2050
04/08/2020 00:00;8;20;2070
05/08/2020 00:00;8;20;2110
05/08/2020 00:00;8;20;2170
05/08/2020 00:00;8;20;2360
05/08/2020 00:00;8;20;2400
05/08/2020 00:00;7;20;10354
05/08/2020 00:00;8;20;2420
06/08/2020 00:00;8;20;2680
06/08/2020 00:00;8;20;2960
07/08/2020 00:00;8;20;3540
07/08/2020 00:00;8;20;3560
07/08/2020 00:00;8;20;3560
07/08/2020 00:00;8;20;3560
08/08/2020 00:00;8;20;3970
08/08/2020 00:00;8;20;4010
08/08/2020 00:00;8;20;4010
08/08/2020 00:00;8;20;4450
10/08/2020 00:00;8;20;4450
10/08/2020 00:00;8;20;4860
10/08/2020 00:00;8;20;5040
10/08/2020 00:00;8;20;5040
10/08/2020 00:00;8;20;5180
10/08/2020 00:00;8;20;5180
10/08/2020 00:00;8;20;5180
10/08/2020 00:00;8;20;5180
10/08/2020 00:00;8;20;5180
10/08/2020 00:00;8;20;5180
11/08/2020 00:00;8;20;5180
11/08/2020 00:00;8;20;5180
11/08/2020 00:00;8;20;5180
11/08/2020 00:00;7;20;10354
11/08/2020 00:00;8;20;5260
12/08/2020 00:00;8;20;5352
12/08/2020 00:00;8;20;5452
13/08/2020 00:00;8;20;5532
13/08/2020 00:00;8;20;5552
13/08/2020 00:00;8;20;5552
13/08/2020 00:00;8;20;5742
14/08/2020 00:00;8;20;5742
14/08/2020 00:00;8;20;5852
14/08/2020 00:00;8;20;5952
14/08/2020 00:00;8;20;6072
15/08/2020 00:00;8;20;7112
17/08/2020 00:00;8;20;7702
18/08/2020 00:00;15;20;0
18/08/2020 00:00;16;20;0
18/08/2020 00:00;16;20;0
18/08/2020 00:00;14;20;0
18/08/2020 00:00;8;20;7772
18/08/2020 00:00;8;20;8102
18/08/2020 00:00;8;20;8102
19/08/2020 00:00;8;20;8102
19/08/2020 00:00;8;20;8404
19/08/2020 00:00;7;20;10354
19/08/2020 00:00;8;20;8524
19/08/2020 00:00;8;20;8524
19/08/2020 00:00;8;20;8524
20/08/2020 00:00;8;20;8524
20/08/2020 00:00;8;20;8844
21/08/2020 00:00;8;20;8844
21/08/2020 00:00;8;20;9334
24/08/2020 00:00;8;20;11070
25/08/2020 00:00;8;20;11110
25/08/2020 00:00;8;20;11320
25/08/2020 00:00;8;20;11480
26/08/2020 00:00;8;20;11610
26/08/2020 00:00;8;20;11790
27/08/2020 00:00;8;20;11860
27/08/2020 00:00;8;20;12150
27/08/2020 00:00;8;20;12190
27/08/2020 00:00;8;20;12190
27/08/2020 00:00;8;20;12250
27/08/2020 00:00;8;20;12250
28/08/2020 00:00;8;20;12250
28/08/2020 00:00;8;20;12320
28/08/2020 00:00;8;20;12320
28/08/2020 00:00;8;20;12480
29/08/2020 00:00;8;20;12500
29/08/2020 00:00;8;20;12750
29/08/2020 00:00;8;20;12870
29/08/2020 00:00;8;20;12930
29/08/2020 00:00;8;20;12990
29/08/2020 00:00;8;20;13050
31/08/2020 00:00;8;20;13050
31/08/2020 00:00;8;20;13230
31/08/2020 00:00;8;20;13230
31/08/2020 00:00;8;20;13230
31/08/2020 00:00;8;20;13330
31/08/2020 00:00;8;20;13330
01/09/2020 00:00;8;20;13330
01/09/2020 00:00;9;20;330
01/09/2020 00:00;9;20;380
02/09/2020 00:00;9;20;580
02/09/2020 00:00;9;20;620
02/09/2020 00:00;9;20;730
02/09/2020 00:00;9;20;730
03/09/2020 00:00;9;20;870
03/09/2020 00:00;9;20;960
04/09/2020 00:00;9;20;1500
04/09/2020 00:00;9;20;1520
05/09/2020 00:00;9;20;1820
05/09/2020 00:00;9;20;1850
05/09/2020 00:00;9;20;1870
08/09/2020 00:00;9;20;1950
08/09/2020 00:00;9;20;2082
08/09/2020 00:00;9;20;2462
09/09/2020 00:00;9;20;2622
10/09/2020 00:00;9;20;3252
10/09/2020 00:00;9;20;3472
10/09/2020 00:00;9;20;3472
10/09/2020 00:00;9;20;3492
10/09/2020 00:00;9;20;0
11/09/2020 00:00;9;20;3832
11/09/2020 00:00;9;20;4522
11/09/2020 00:00;9;20;4792
12/09/2020 00:00;9;20;4912
12/09/2020 00:00;9;20;5077
14/09/2020 00:00;8;20;13330
14/09/2020 00:00;9;20;5347
15/09/2020 00:00;9;20;5559
15/09/2020 00:00;9;20;5709
15/09/2020 00:00;9;20;5769
15/09/2020 00:00;8;20;13330
16/09/2020 00:00;9;20;5829
16/09/2020 00:00;9;20;5829
16/09/2020 00:00;9;20;5979
17/09/2020 00:00;9;20;5979
17/09/2020 00:00;9;20;6429
17/09/2020 00:00;9;20;6449
18/09/2020 00:00;9;20;7279
21/09/2020 00:00;9;20;8389
21/09/2020 00:00;9;20;8599
21/09/2020 00:00;9;20;8639
21/09/2020 00:00;9;20;8639
21/09/2020 00:00;9;20;8809
21/09/2020 00:00;9;20;8949
21/09/2020 00:00;9;20;9039
22/09/2020 00:00;9;20;9369
22/09/2020 00:00;9;20;9369
23/09/2020 00:00;9;20;9509
23/09/2020 00:00;9;20;9649
23/09/2020 00:00;9;20;9649
23/09/2020 00:00;9;20;10059
24/09/2020 00:00;9;20;10499
24/09/2020 00:00;9;20;10539
25/09/2020 00:00;9;20;10939
25/09/2020 00:00;9;20;10939
25/09/2020 00:00;9;20;10939
25/09/2020 00:00;9;20;10959
25/09/2020 00:00;9;20;10959
25/09/2020 00:00;9;20;10959
25/09/2020 00:00;9;20;10959
25/09/2020 00:00;9;20;10959
26/09/2020 00:00;9;20;11239
26/09/2020 00:00;9;20;11239
26/09/2020 00:00;9;20;11359
28/09/2020 00:00;9;20;11359
28/09/2020 00:00;9;20;11629
28/09/2020 00:00;9;20;11779
28/09/2020 00:00;9;20;11829
28/09/2020 00:00;9;20;11829
28/09/2020 00:00;9;20;11829
29/09/2020 00:00;9;20;12059
29/09/2020 00:00;9;20;12249
29/09/2020 00:00;9;20;12339
30/09/2020 00:00;9;20;12579
30/09/2020 00:00;9;20;12579
30/09/2020 00:00;2;20;0
30/09/2020 00:00;3;20;0
30/09/2020 00:00;4;20;5605
30/09/2020 00:00;5;20;7365
30/09/2020 00:00;6;20;7320
30/09/2020 00:00;7;20;10374
30/09/2020 00:00;8;20;13330
30/09/2020 00:00;9;20;12579
30/09/2020 00:00;4;20;5605
30/09/2020 00:00;5;20;7365
30/09/2020 00:00;6;20;7320
30/09/2020 00:00;7;20;10374
30/09/2020 00:00;8;20;13330
30/09/2020 00:00;9;20;12579
02/10/2020 00:00;9;20;12579
02/10/2020 00:00;10;20;410
05/10/2020 00:00;10;20;920
05/10/2020 00:00;10;20;920
07/10/2020 00:00;10;20;0
07/10/2020 00:00;10;20;0
07/10/2020 00:00;10;20;2050
08/10/2020 00:00;10;20;2460
09/10/2020 00:00;10;20;3330
09/10/2020 00:00;10;20;3470
09/10/2020 00:00;10;20;3470
09/10/2020 00:00;10;20;3470
09/10/2020 00:00;10;20;3470
09/10/2020 00:00;10;20;3470
09/10/2020 00:00;10;20;3470
10/10/2020 00:00;10;20;4200
10/10/2020 00:00;10;20;4630
12/10/2020 00:00;10;20;4900
12/10/2020 00:00;20;20;0
12/10/2020 00:00;20;20;0
12/10/2020 00:00;10;20;4920
13/10/2020 00:00;10;20;4920
13/10/2020 00:00;10;20;4920
13/10/2020 00:00;10;20;5220
13/10/2020 00:00;10;20;5260
13/10/2020 00:00;10;20;5360
13/10/2020 00:00;10;20;5380
13/10/2020 00:00;10;20;5380
13/10/2020 00:00;10;20;5450
13/10/2020 00:00;8;20;13330
13/10/2020 00:00;9;20;12579
13/10/2020 00:00;7;20;10374
13/10/2020 00:00;6;20;7320
13/10/2020 00:00;10;20;5450
13/10/2020 00:00;10;20;5450
14/10/2020 00:00;10;20;5490
14/10/2020 00:00;10;20;5650
14/10/2020 00:00;10;20;5770
15/10/2020 00:00;10;20;5970
15/10/2020 00:00;10;20;6060
15/10/2020 00:00;10;20;6290
16/10/2020 00:00;10;20;6670
16/10/2020 00:00;10;20;6710
17/10/2020 00:00;10;20;7620
19/10/2020 00:00;10;20;7930
19/10/2020 00:00;10;20;8090
19/10/2020 00:00;10;20;8090
19/10/2020 00:00;10;20;8410
20/10/2020 00:00;10;20;8480
20/10/2020 00:00;10;20;8580
20/10/2020 00:00;10;20;8600
20/10/2020 00:00;10;20;8630
20/10/2020 00:00;10;20;8790
21/10/2020 00:00;10;20;8930
21/10/2020 00:00;10;20;8990
21/10/2020 00:00;10;20;8990
21/10/2020 00:00;10;20;9030
21/10/2020 00:00;10;20;9100
21/10/2020 00:00;10;20;9140
21/10/2020 00:00;10;20;9140
21/10/2020 00:00;10;20;9180
22/10/2020 00:00;10;20;9200
22/10/2020 00:00;10;20;9340
22/10/2020 00:00;10;20;9340
22/10/2020 00:00;10;20;9340
22/10/2020 00:00;10;20;9340
23/10/2020 00:00;10;20;9700
23/10/2020 00:00;10;20;9740
24/10/2020 00:00;10;20;10550
26/10/2020 00:00;10;20;10740
26/10/2020 00:00;9;20;12579
26/10/2020 00:00;10;20;10740
26/10/2020 00:00;10;20;10780
26/10/2020 00:00;10;20;10800
27/10/2020 00:00;10;20;10850
27/10/2020 00:00;10;20;10900
27/10/2020 00:00;10;20;10920
27/10/2020 00:00;10;20;10960
27/10/2020 00:00;10;20;11010
27/10/2020 00:00;10;20;11010
28/10/2020 00:00;10;20;11172
28/10/2020 00:00;10;20;11192
28/10/2020 00:00;10;20;11212
28/10/2020 00:00;10;20;11212
28/10/2020 00:00;10;20;11212
28/10/2020 00:00;10;20;11212
29/10/2020 00:00;10;20;11322
29/10/2020 00:00;10;20;11322
29/10/2020 00:00;10;20;11322
29/10/2020 00:00;10;20;11322
29/10/2020 00:00;10;20;11322
29/10/2020 00:00;10;20;11402
29/10/2020 00:00;10;20;11482
29/10/2020 00:00;10;20;11482
29/10/2020 00:00;10;20;11502
29/10/2020 00:00;10;20;11552
29/10/2020 00:00;10;20;11572
30/10/2020 00:00;10;20;11872
30/10/2020 00:00;10;20;12122
30/10/2020 00:00;10;20;12162
31/10/2020 00:00;10;20;12342
31/10/2020 00:00;10;20;12402
31/10/2020 00:00;10;20;12762
31/10/2020 00:00;10;20;12762
03/11/2020 00:00;11;20;460
04/11/2020 00:00;11;20;840
04/11/2020 00:00;10;20;12762
05/11/2020 00:00;;;0
05/11/2020 00:00;;;0
05/11/2020 00:00;;;0
05/11/2020 00:00;10;20;12762
05/11/2020 00:00;11;20;1370
06/11/2020 00:00;11;20;1490
06/11/2020 00:00;11;20;2150
07/11/2020 00:00;11;20;2360
07/11/2020 00:00;11;20;2490
07/11/2020 00:00;11;20;2570
07/11/2020 00:00;11;20;2650
09/11/2020 00:00;11;20;2670
09/11/2020 00:00;11;20;2790
10/11/2020 00:00;11;20;3140
10/11/2020 00:00;11;20;3160
10/11/2020 00:00;11;20;3220
10/11/2020 00:00;11;20;3240
10/11/2020 00:00;11;20;3390
10/11/2020 00:00;10;20;12762
10/11/2020 00:00;10;20;12762
10/11/2020 00:00;10;20;12762
11/11/2020 00:00;11;20;3650
11/11/2020 00:00;11;20;3710
11/11/2020 00:00;11;20;3780
11/11/2020 00:00;11;20;3780
12/11/2020 00:00;11;20;3880
12/11/2020 00:00;11;20;3940
12/11/2020 00:00;11;20;3960
12/11/2020 00:00;11;20;4160
12/11/2020 00:00;11;2020;0
12/11/2020 00:00;11;2020;0
12/11/2020 00:00;11;20;4250
13/11/2020 00:00;13;20;0
13/11/2020 00:00;11;20;4982
14/11/2020 00:00;11;20;5622
16/11/2020 00:00;11;20;5842
16/11/2020 00:00;11;20;5842
16/11/2020 00:00;11;20;6022
16/11/2020 00:00;11;20;6062
16/11/2020 00:00;11;20;6062
17/11/2020 00:00;;;0
17/11/2020 00:00;;;0
17/11/2020 00:00;11;20;6242
18/11/2020 00:00;11;20;6642
18/11/2020 00:00;11;20;6812
18/11/2020 00:00;11;20;7062
18/11/2020 00:00;11;20;7102
19/11/2020 00:00;11;20;7302
19/11/2020 00:00;11;20;7302
19/11/2020 00:00;11;20;7482
19/11/2020 00:00;11;20;7562
19/11/2020 00:00;10;20;12762
19/11/2020 00:00;11;20;7632
19/11/2020 00:00;11;20;7632
20/11/2020 00:00;11;20;7692
20/11/2020 00:00;11;20;7742
21/11/2020 00:00;11;20;8302
23/11/2020 00:00;11;20;9122
23/11/2020 00:00;11;20;9162
23/11/2020 00:00;11;20;9402
23/11/2020 00:00;11;20;9652
23/11/2020 00:00;11;20;9672
23/11/2020 00:00;11;20;9672
24/11/2020 00:00;11;20;9672
24/11/2020 00:00;11;20;9772
24/11/2020 00:00;11;20;9772
24/11/2020 00:00;11;20;9822
24/11/2020 00:00;11;20;9862
24/11/2020 00:00;11;20;9902
25/11/2020 00:00;11;20;9902
25/11/2020 00:00;11;20;10052
25/11/2020 00:00;11;20;10142
25/11/2020 00:00;11;20;10212
25/11/2020 00:00;11;20;10212
25/11/2020 00:00;11;20;10212
26/11/2020 00:00;11;20;10212
26/11/2020 00:00;11;20;10262
26/11/2020 00:00;11;20;10312
26/11/2020 00:00;11;20;10372
26/11/2020 00:00;11;20;10392
26/11/2020 00:00;11;20;10392
26/11/2020 00:00;11;20;10392
27/11/2020 00:00;11;20;10502
27/11/2020 00:00;11;20;10522
27/11/2020 00:00;11;20;10562
27/11/2020 00:00;11;20;10592
27/11/2020 00:00;11;20;10632
27/11/2020 00:00;11;20;10702
27/11/2020 00:00;11;20;10702
27/11/2020 00:00;11;20;10762
28/11/2020 00:00;11;20;10762
28/11/2020 00:00;11;20;10782
28/11/2020 00:00;11;20;10782
28/11/2020 00:00;11;20;10782
30/11/2020 00:00;11;20;10992
30/11/2020 00:00;11;20;11012
30/11/2020 00:00;11;20;11072
30/11/2020 00:00;11;20;11072
30/11/2020 00:00;11;20;11072
01/12/2020 00:00;12;20;270
01/12/2020 00:00;12;20;270
01/12/2020 00:00;12;20;270
02/12/2020 00:00;12;20;430
02/12/2020 00:00;12;20;430
03/12/2020 00:00;11;20;11072
03/12/2020 00:00;12;20;570
03/12/2020 00:00;12;20;570
03/12/2020 00:00;12;20;570
03/12/2020 00:00;12;20;570
03/12/2020 00:00;12;20;570
03/12/2020 00:00;12;20;570
03/12/2020 00:00;12;20;570
04/12/2020 00:00;12;12;0
04/12/2020 00:00;12;20;930
05/12/2020 00:00;12;20;970
05/12/2020 00:00;12;20;1070
05/12/2020 00:00;11;20;11092
05/12/2020 00:00;11;20;11092
07/12/2020 00:00;12;20;1500
07/12/2020 00:00;12;20;1580
07/12/2020 00:00;12;20;1620
07/12/2020 00:00;8;20;13330
07/12/2020 00:00;12;20;1780
07/12/2020 00:00;12;20;1780
08/12/2020 00:00;12;20;1840
08/12/2020 00:00;12;20;1920
09/12/2020 00:00;12;20;2130
09/12/2020 00:00;12;20;2180
09/12/2020 00:00;12;20;2220
09/12/2020 00:00;12;20;2220
10/12/2020 00:00;12;20;2280
10/12/2020 00:00;12;20;2470
10/12/2020 00:00;12;20;2570
10/12/2020 00:00;12;20;2570
11/12/2020 00:00;12;20;2630
11/12/2020 00:00;12;20;2860
11/12/2020 00:00;3;20;0
11/12/2020 00:00;4;20;5605
11/12/2020 00:00;5;20;7365
11/12/2020 00:00;6;20;7320
11/12/2020 00:00;7;20;10374
11/12/2020 00:00;8;20;13330
11/12/2020 00:00;9;20;12579
11/12/2020 00:00;10;20;12762
11/12/2020 00:00;11;20;11072
11/12/2020 00:00;12;20;2880
11/12/2020 00:00;4;20;5605
11/12/2020 00:00;5;20;7365
11/12/2020 00:00;5;20;7365
11/12/2020 00:00;6;20;7320
11/12/2020 00:00;7;20;10374
11/12/2020 00:00;8;20;13330
11/12/2020 00:00;9;20;12579
11/12/2020 00:00;10;20;12762
11/12/2020 00:00;11;20;11072
11/12/2020 00:00;12;20;2880
11/12/2020 00:00;12;12;0
11/12/2020 00:00;12;12;0
11/12/2020 00:00;12;20;2880
11/12/2020 00:00;12;20;2880
11/12/2020 00:00;12;20;2900
11/12/2020 00:00;12;20;2920
12/12/2020 00:00;12;20;3160
12/12/2020 00:00;12;20;3370
12/12/2020 00:00;12;20;3600
14/12/2020 00:00;12;20;3620
14/12/2020 00:00;12;20;3700
14/12/2020 00:00;12;20;3740
14/12/2020 00:00;12;20;4010
14/12/2020 00:00;14;20;0
14/12/2020 00:00;12;20;4010
15/12/2020 00:00;12;20;4220
15/12/2020 00:00;12;20;4410
16/12/2020 00:00;12;20;4410
16/12/2020 00:00;12;20;4640
16/12/2020 00:00;12;20;4660
16/12/2020 00:00;12;20;4680
16/12/2020 00:00;12;20;4730
17/12/2020 00:00;12;20;4790
17/12/2020 00:00;12;20;4870
17/12/2020 00:00;12;20;4950
17/12/2020 00:00;12;20;5120
17/12/2020 00:00;12;20;5190
18/12/2020 00:00;12;20;5310
18/12/2020 00:00;12;20;5310
18/12/2020 00:00;12;20;5350
18/12/2020 00:00;12;20;5530
18/12/2020 00:00;12;20;5670
19/12/2020 00:00;12;20;5790
19/12/2020 00:00;12;20;5830
19/12/2020 00:00;12;20;5860
19/12/2020 00:00;12;20;5880
19/12/2020 00:00;12;20;5880
22/12/2020 00:00;12;20;6270
22/12/2020 00:00;12;20;6630
22/12/2020 00:00;12;20;6630
22/12/2020 00:00;12;20;6630
22/12/2020 00:00;12;20;6830
22/12/2020 00:00;12;20;6870
23/12/2020 00:00;12;20;7200
23/12/2020 00:00;12;20;7360
23/12/2020 00:00;12;20;7360
23/12/2020 00:00;12;20;7380
24/12/2020 00:00;12;20;8190
24/12/2020 00:00;12;20;8190
24/12/2020 00:00;12;20;8190
26/12/2020 00:00;12;20;8410
26/12/2020 00:00;12;20;8540
26/12/2020 00:00;12;20;8540
26/12/2020 00:00;12;20;8540
26/12/2020 00:00;12;20;8620
28/12/2020 00:00;12;20;8970
28/12/2020 00:00;12;20;9110
28/12/2020 00:00;12;20;9166
28/12/2020 00:00;12;20;9206
28/12/2020 00:00;12;20;9226
29/12/2020 00:00;12;20;9466
29/12/2020 00:00;12;20;9506
29/12/2020 00:00;12;20;9676
29/12/2020 00:00;12;20;9676
29/12/2020 00:00;12;20;9676
30/12/2020 00:00;12;20;9766
30/12/2020 00:00;12;20;9766
30/12/2020 00:00;12;20;9826
30/12/2020 00:00;12;20;9986
30/12/2020 00:00;12;20;10106
30/12/2020 00:00;12;20;10106
30/12/2020 00:00;12;20;10106
30/12/2020 00:00;12;20;10126
31/12/2020 00:00;12;20;10286
31/12/2020 00:00;12;20;10346
31/12/2020 00:00;12;20;10366
31/12/2020 00:00;12;20;10666
31/12/2020 00:00;12;20;10726
02/01/2021 00:00;12;20;10726
02/01/2021 00:00;1;21;100
02/01/2021 00:00;1;21;280
02/01/2021 00:00;12;20;10796
04/01/2021 00:00;1;21;420
04/01/2021 00:00;1;21;630
04/01/2021 00:00;1;21;650
05/01/2021 00:00;1;21;840
05/01/2021 00:00;1;21;920
06/01/2021 00:00;12;20;10796
06/01/2021 00:00;1;21;1150
06/01/2021 00:00;1;21;1380
06/01/2021 00:00;1;21;1400
07/01/2021 00:00;1;21;1512
07/01/2021 00:00;1;21;1682
07/01/2021 00:00;12;20;10796
07/01/2021 00:00;1;21;1682
07/01/2021 00:00;1;21;1722
08/01/2021 00:00;1;21;1722
08/01/2021 00:00;1;21;1782
08/01/2021 00:00;1;21;1842
08/01/2021 00:00;1;21;2102
08/01/2021 00:00;1;21;2142
08/01/2021 00:00;1;21;2162
09/01/2021 00:00;1;21;2312
09/01/2021 00:00;1;21;2352
09/01/2021 00:00;1;21;2722
11/01/2021 00:00;1;21;2892
11/01/2021 00:00;1;21;2892
11/01/2021 00:00;12;20;10796
12/01/2021 00:00;1;21;3022
12/01/2021 00:00;1;21;3062
12/01/2021 00:00;1;21;3082
12/01/2021 00:00;1;21;3152
12/01/2021 00:00;1;21;3152
13/01/2021 00:00;1;21;3152
13/01/2021 00:00;1;21;3332
13/01/2021 00:00;1;21;3382
14/01/2021 00:00;1;21;3822
15/01/2021 00:00;1;21;3822
15/01/2021 00:00;1;21;4034
15/01/2021 00:00;1;21;4234
15/01/2021 00:00;1;21;4234
16/01/2021 00:00;1;21;4234
16/01/2021 00:00;1;21;4374
16/01/2021 00:00;1;21;4424
16/01/2021 00:00;1;21;4464
18/01/2021 00:00;1;21;4494
18/01/2021 00:00;1;21;4634
18/01/2021 00:00;1;21;4904
18/01/2021 00:00;1;21;4944
19/01/2021 00:00;1;21;4974
19/01/2021 00:00;1;21;4994
19/01/2021 00:00;1;21;5014
19/01/2021 00:00;1;21;5074
20/01/2021 00:00;1;21;5074
20/01/2021 00:00;1;21;5284
20/01/2021 00:00;1;21;5344
21/01/2021 00:00;1;21;5414
21/01/2021 00:00;1;21;5454
21/01/2021 00:00;1;21;5454
21/01/2021 00:00;1;21;5504
21/01/2021 00:00;1;21;5654
22/01/2021 00:00;1;21;5824
22/01/2021 00:00;1;21;6074
22/01/2021 00:00;1;21;6074
23/01/2021 00:00;1;21;6344
23/01/2021 00:00;1;21;6494
23/01/2021 00:00;1;21;6574
23/01/2021 00:00;1;21;6574
23/01/2021 00:00;1;21;6614
25/01/2021 00:00;1;21;6724
25/01/2021 00:00;1;21;6784
25/01/2021 00:00;1;21;6804
25/01/2021 00:00;1;21;7004
26/01/2021 00:00;1;21;7054
26/01/2021 00:00;1;21;7054
26/01/2021 00:00;12;20;10796
26/01/2021 00:00;8;20;0
26/01/2021 00:00;8;20;13330
27/01/2021 00:00;1;21;7074
27/01/2021 00:00;1;21;7094
27/01/2021 00:00;1;21;7134
27/01/2021 00:00;1;21;7234
28/01/2021 00:00;1;21;7234
28/01/2021 00:00;1;21;7394
28/01/2021 00:00;1;21;7414
28/01/2021 00:00;1;21;7414
29/01/2021 00:00;1;21;7484
29/01/2021 00:00;1;21;7484
30/01/2021 00:00;1;21;7924
02/02/2021 00:00;2;21;800
02/02/2021 00:00;2;21;960
02/02/2021 00:00;2;21;960
03/02/2021 00:00;2;21;960
03/02/2021 00:00;2;21;1160
03/02/2021 00:00;2;21;1200
04/02/2021 00:00;2;21;1240
04/02/2021 00:00;2;21;1540
04/02/2021 00:00;1;21;7924
05/02/2021 00:00;2;21;1840
05/02/2021 00:00;2;21;2160
05/02/2021 00:00;2;21;2200
06/02/2021 00:00;2;21;2800
08/02/2021 00:00;2;21;2880
08/02/2021 00:00;2;21;3130
09/02/2021 00:00;2;21;3280
10/02/2021 00:00;2;21;3410
10/02/2021 00:00;2;21;3840
10/02/2021 00:00;2;21;3840
10/02/2021 00:00;2;21;3840
11/02/2021 00:00;2;21;3960
11/02/2021 00:00;2;21;4070
11/02/2021 00:00;2;21;4330
12/02/2021 00:00;2;21;4330
12/02/2021 00:00;2;21;4400
12/02/2021 00:00;2;21;4460
12/02/2021 00:00;2;21;4560
13/02/2021 00:00;2;21;4860
13/02/2021 00:00;2;21;5120
13/02/2021 00:00;2;21;5120
15/02/2021 00:00;2;21;5120
15/02/2021 00:00;2;21;5290
15/02/2021 00:00;2;21;5440
17/02/2021 00:00;2;2021;0
17/02/2021 00:00;2;2021;0
17/02/2021 00:00;2;2021;0
17/02/2021 00:00;2;21;5950
18/02/2021 00:00;2;21;6260
18/02/2021 00:00;2;21;6430
20/02/2021 00:00;2;21;7220
20/02/2021 00:00;2;21;7470
22/02/2021 00:00;2;21;7760
22/02/2021 00:00;2;21;7830
22/02/2021 00:00;2;21;7870
22/02/2021 00:00;2;21;7920
23/02/2021 00:00;2;21;8150
23/02/2021 00:00;2;21;8150
23/02/2021 00:00;2;21;8150
24/02/2021 00:00;2;21;8150
24/02/2021 00:00;2;21;8470
24/02/2021 00:00;2;21;8470
24/02/2021 00:00;2;21;8510
24/02/2021 00:00;2;21;8510
24/02/2021 00:00;2;21;8590
25/02/2021 00:00;2;21;8590
25/02/2021 00:00;2;21;8750
25/02/2021 00:00;2;21;8850
26/02/2021 00:00;2;21;8850
26/02/2021 00:00;2;21;9110
27/02/2021 00:00;2;21;9110
27/02/2021 00:00;2;21;9400
27/02/2021 00:00;2;21;9420
27/02/2021 00:00;2;21;9460
01/03/2021 00:00;2;21;9460
01/03/2021 00:00;3;21;210
01/03/2021 00:00;3;21;350
01/03/2021 00:00;3;21;370
02/03/2021 00:00;2;21;9460
02/03/2021 00:00;3;21;580
03/03/2021 00:00;3;21;800
04/03/2021 00:00;3;21;1040
04/03/2021 00:00;3;21;1080
05/03/2021 00:00;3;21;1180
05/03/2021 00:00;3;21;1240
05/03/2021 00:00;2;21;9460
05/03/2021 00:00;3;21;1280
05/03/2021 00:00;3;21;1280
06/03/2021 00:00;3;21;1840
08/03/2021 00:00;3;21;1870
08/03/2021 00:00;3;21;1980
08/03/2021 00:00;3;21;2200
09/03/2021 00:00;3;21;2220
09/03/2021 00:00;3;21;2520
10/03/2021 00:00;3;21;2600
10/03/2021 00:00;3;21;2670
10/03/2021 00:00;3;21;2770
10/03/2021 00:00;3;21;2790
11/03/2021 00:00;3;21;3000
11/03/2021 00:00;3;21;3050
11/03/2021 00:00;3;21;3070
12/03/2021 00:00;3;21;3110
12/03/2021 00:00;6;20;7320
12/03/2021 00:00;7;20;10374
12/03/2021 00:00;8;20;13330
12/03/2021 00:00;3;21;3160
12/03/2021 00:00;12;21;0
12/03/2021 00:00;3;21;3290
13/03/2021 00:00;3;21;3310
13/03/2021 00:00;3;21;3360
13/03/2021 00:00;3;21;3690
15/03/2021 00:00;3;21;3830
15/03/2021 00:00;3;21;4070
15/03/2021 00:00;3;21;4070
16/03/2021 00:00;3;21;4180
16/03/2021 00:00;3;21;4260
17/03/2021 00:00;3;21;4440
18/03/2021 00:00;3;21;4570
19/03/2021 00:00;3;21;4740
19/03/2021 00:00;3;21;4800
19/03/2021 00:00;3;21;4990
20/03/2021 00:00;3;21;4990
20/03/2021 00:00;3;21;5260
20/03/2021 00:00;3;21;5260
22/03/2021 00:00;3;21;5470
22/03/2021 00:00;3;21;5470
22/03/2021 00:00;3;21;5550
23/03/2021 00:00;3;21;5550
23/03/2021 00:00;3;21;5650
23/03/2021 00:00;3;21;5650
24/03/2021 00:00;3;21;5785
25/03/2021 00:00;3;21;5965
25/03/2021 00:00;3;21;5985
25/03/2021 00:00;3;21;6005
26/03/2021 00:00;3;21;6105
29/03/2021 00:00;3;21;6205
29/03/2021 00:00;3;21;6315
29/03/2021 00:00;3;21;6355
30/03/2021 00:00;3;21;6465
30/03/2021 00:00;3;21;6545
30/03/2021 00:00;3;21;6545
31/03/2021 00:00;3;21;6545
31/03/2021 00:00;3;21;6605
31/03/2021 00:00;3;21;6715
31/03/2021 00:00;3;21;6805
01/04/2021 00:00;1;4;0
01/04/2021 00:00;4;21;340
01/04/2021 00:00;4;21;340
01/04/2021 00:00;3;21;6805
03/04/2021 00:00;4;21;480
03/04/2021 00:00;4;21;560
03/04/2021 00:00;4;21;720
03/04/2021 00:00;4;21;740
03/04/2021 00:00;4;21;740
05/04/2021 00:00;4;21;1060
05/04/2021 00:00;4;21;1160
05/04/2021 00:00;4;21;1160
06/04/2021 00:00;4;21;1180
06/04/2021 00:00;4;21;1330
06/04/2021 00:00;4;21;1410
07/04/2021 00:00;4;21;1610
08/04/2021 00:00;3;21;6805
08/04/2021 00:00;4;21;1810
08/04/2021 00:00;4;21;1890
08/04/2021 00:00;4;21;1920
09/04/2021 00:00;4;21;1920
09/04/2021 00:00;4;21;1985
09/04/2021 00:00;4;21;2065
09/04/2021 00:00;4;21;2265
09/04/2021 00:00;4;21;2285
09/04/2021 00:00;4;21;2305
10/04/2021 00:00;4;21;2305
10/04/2021 00:00;4;21;2645
10/04/2021 00:00;4;21;2665
12/04/2021 00:00;4;21;3035
12/04/2021 00:00;4;21;3075
13/04/2021 00:00;4;21;3095
13/04/2021 00:00;4;21;3165
13/04/2021 00:00;4;21;3165
13/04/2021 00:00;4;21;3255
13/04/2021 00:00;4;21;3295
13/04/2021 00:00;4;21;3345
14/04/2021 00:00;4;21;3415
14/04/2021 00:00;4;21;3415
14/04/2021 00:00;4;21;3455
14/04/2021 00:00;;;0
14/04/2021 00:00;4;21;3575
14/04/2021 00:00;4;21;3575
15/04/2021 00:00;4;21;3575
15/04/2021 00:00;4;21;3595
15/04/2021 00:00;4;21;3595
15/04/2021 00:00;4;21;3795
15/04/2021 00:00;4;21;3825
16/04/2021 00:00;4;21;3825
16/04/2021 00:00;4;21;4275
16/04/2021 00:00;4;21;4475
17/04/2021 00:00;4;21;5035
19/04/2021 00:00;4;21;5110
19/04/2021 00:00;4;21;5110
19/04/2021 00:00;4;21;5110
19/04/2021 00:00;4;21;5390
20/04/2021 00:00;4;21;5830
21/04/2021 00:00;4;21;5870
21/04/2021 00:00;4;21;5910
21/04/2021 00:00;4;21;5970
21/04/2021 00:00;4;21;5970
22/04/2021 00:00;4;21;6060
22/04/2021 00:00;3;21;6805
22/04/2021 00:00;4;21;6080
22/04/2021 00:00;4;21;6120
22/04/2021 00:00;4;21;6250
22/04/2021 00:00;4;21;6250
22/04/2021 00:00;4;21;6250
22/04/2021 00:00;4;21;6250
22/04/2021 00:00;4;21;6290
23/04/2021 00:00;4;21;6350
23/04/2021 00:00;4;21;6370
23/04/2021 00:00;4;21;6370
23/04/2021 00:00;3;21;6805
23/04/2021 00:00;4;21;6370
23/04/2021 00:00;4;21;6390
23/04/2021 00:00;4;21;6440
23/04/2021 00:00;4;21;6480
23/04/2021 00:00;4;21;6580
23/04/2021 00:00;4;21;6600
23/04/2021 00:00;4;21;6600
24/04/2021 00:00;4;21;6600
24/04/2021 00:00;4;21;6670
24/04/2021 00:00;4;21;6820
24/04/2021 00:00;4;21;6840
26/04/2021 00:00;4;21;6840
26/04/2021 00:00;4;21;7150
26/04/2021 00:00;4;21;7400
26/04/2021 00:00;4;21;7400
27/04/2021 00:00;4;21;7470
27/04/2021 00:00;4;21;7470
27/04/2021 00:00;4;21;7820
27/04/2021 00:00;4;21;7820
27/04/2021 00:00;4;21;7820
27/04/2021 00:00;4;21;7860
27/04/2021 00:00;4;21;7790
28/04/2021 00:00;4;21;7880
28/04/2021 00:00;4;21;7920
28/04/2021 00:00;4;21;8260
28/04/2021 00:00;4;21;8280
29/04/2021 00:00;4;21;8280
29/04/2021 00:00;4;21;8320
29/04/2021 00:00;4;21;8500
29/04/2021 00:00;4;21;8540
29/04/2021 00:00;4;21;8540
29/04/2021 00:00;4;21;8540
30/04/2021 00:00;4;21;8630
30/04/2021 00:00;4;21;8630
30/04/2021 00:00;4;21;8630
30/04/2021 00:00;8;20;13330
30/04/2021 00:00;4;21;8730
30/04/2021 00:00;4;21;8730
30/04/2021 00:00;4;21;8920
30/04/2021 00:00;4;21;8940
30/04/2021 00:00;4;21;8940
01/05/2021 00:00;5;21;170
01/05/2021 00:00;5;21;250
01/05/2021 00:00;5;21;330
01/05/2021 00:00;5;21;370
01/05/2021 00:00;5;21;390
01/05/2021 00:00;;;0
01/05/2021 00:00;5;21;390
01/05/2021 00:00;5;21;390
01/05/2021 00:00;5;21;390
03/05/2021 00:00;5;21;430
03/05/2021 00:00;5;21;470
03/05/2021 00:00;5;21;650
03/05/2021 00:00;5;21;870
03/05/2021 00:00;5;21;930
04/05/2021 00:00;5;21;970
04/05/2021 00:00;5;21;1040
05/05/2021 00:00;5;21;1040
05/05/2021 00:00;5;21;1130
05/05/2021 00:00;5;21;1280
06/05/2021 00:00;5;21;1400
06/05/2021 00:00;5;21;1400
06/05/2021 00:00;5;21;1400
06/05/2021 00:00;5;21;1490
06/05/2021 00:00;5;21;1510
06/05/2021 00:00;5;21;1540
06/05/2021 00:00;5;21;1560
07/05/2021 00:00;5;21;2220
08/05/2021 00:00;5;21;2400
08/05/2021 00:00;5;21;2800
08/05/2021 00:00;5;21;2800
10/05/2021 00:00;5;21;2800
10/05/2021 00:00;5;21;2840
10/05/2021 00:00;5;21;2900
10/05/2021 00:00;5;21;2900
11/05/2021 00:00;5;21;3120
11/05/2021 00:00;5;21;3270
11/05/2021 00:00;5;21;3310
11/05/2021 00:00;5;21;3310
11/05/2021 00:00;5;21;3410
11/05/2021 00:00;5;21;3410
11/05/2021 00:00;5;21;3410
11/05/2021 00:00;5;21;3450
12/05/2021 00:00;5;21;3450
12/05/2021 00:00;5;21;3640
12/05/2021 00:00;5;21;3640
12/05/2021 00:00;5;21;3680
12/05/2021 00:00;5;21;3680
12/05/2021 00:00;5;21;3710
12/05/2021 00:00;5;21;3710
13/05/2021 00:00;5;21;3920
13/05/2021 00:00;5;21;4100
13/05/2021 00:00;5;21;4100
14/05/2021 00:00;5;21;4350
14/05/2021 00:00;5;21;4390
14/05/2021 00:00;5;21;4550
14/05/2021 00:00;5;21;4550
15/05/2021 00:00;5;21;4860
15/05/2021 00:00;5;21;5010
15/05/2021 00:00;5;21;5070
15/05/2021 00:00;5;21;5090
17/05/2021 00:00;5;21;5090
17/05/2021 00:00;5;21;5140
17/05/2021 00:00;5;21;5220
17/05/2021 00:00;5;21;5220
17/05/2021 00:00;5;21;5350
17/05/2021 00:00;5;21;5350
17/05/2021 00:00;5;21;5350
17/05/2021 00:00;5;21;5380
18/05/2021 00:00;5;21;5390
18/05/2021 00:00;5;21;5430
18/05/2021 00:00;5;21;5450
18/05/2021 00:00;5;21;5670
19/05/2021 00:00;5;21;5670
19/05/2021 00:00;5;21;5710
19/05/2021 00:00;5;21;5730
19/05/2021 00:00;5;21;5730
19/05/2021 00:00;5;21;5880
20/05/2021 00:00;5;21;6215
20/05/2021 00:00;5;21;6295
20/05/2021 00:00;5;21;6365
20/05/2021 00:00;5;21;6365
21/05/2021 00:00;5;21;6365
21/05/2021 00:00;5;21;6445
22/05/2021 00:00;5;21;6485
22/05/2021 00:00;5;21;6855
24/05/2021 00:00;5;21;6855
24/05/2021 00:00;5;21;6905
24/05/2021 00:00;5;21;7165
24/05/2021 00:00;5;21;7165
24/05/2021 00:00;5;21;7295
24/05/2021 00:00;5;21;7335
25/05/2021 00:00;5;21;7495
25/05/2021 00:00;5;21;7495
25/05/2021 00:00;5;21;7615
25/05/2021 00:00;5;21;7745
25/05/2021 00:00;5;21;7775
25/05/2021 00:00;5;21;7775
26/05/2021 00:00;5;21;7875
26/05/2021 00:00;5;21;7895
26/05/2021 00:00;5;21;7935
26/05/2021 00:00;4;21;8940
26/05/2021 00:00;5;21;7935
26/05/2021 00:00;5;21;7935
26/05/2021 00:00;5;21;7985
26/05/2021 00:00;5;21;8025
26/05/2021 00:00;5;21;8045
27/05/2021 00:00;5;21;8175
27/05/2021 00:00;5;21;8195
27/05/2021 00:00;5;21;8195
27/05/2021 00:00;5;21;8215
27/05/2021 00:00;5;21;8265
27/05/2021 00:00;5;21;8265
28/05/2021 00:00;5;21;8345
28/05/2021 00:00;5;21;8395
28/05/2021 00:00;4;21;8940
28/05/2021 00:00;5;21;8395
28/05/2021 00:00;5;21;8395
29/05/2021 00:00;5;21;8475
29/05/2021 00:00;5;21;8615
29/05/2021 00:00;5;21;8685
29/05/2021 00:00;5;21;8725
29/05/2021 00:00;5;21;8825
29/05/2021 00:00;5;21;8875
29/05/2021 00:00;5;21;8875
29/05/2021 00:00;4;21;8940
29/05/2021 00:00;4;21;8940
31/05/2021 00:00;5;21;8875
31/05/2021 00:00;5;21;9075
31/05/2021 00:00;5;21;9115
31/05/2021 00:00;5;21;9115
31/05/2021 00:00;5;21;9115
31/05/2021 00:00;;;0
31/05/2021 00:00;5;21;9185
31/05/2021 00:00;5;21;9185
01/06/2021 00:00;6;21;120
02/06/2021 00:00;6;21;340
02/06/2021 00:00;6;21;460
02/06/2021 00:00;6;21;520
04/06/2021 00:00;6;21;560
04/06/2021 00:00;6;21;620
04/06/2021 00:00;6;21;620
04/06/2021 00:00;6;21;740
04/06/2021 00:00;6;21;860
04/06/2021 00:00;5;21;9185
04/06/2021 00:00;6;21;900
05/06/2021 00:00;6;21;970
05/06/2021 00:00;6;21;1090
05/06/2021 00:00;6;21;1210
05/06/2021 00:00;5;21;9185
05/06/2021 00:00;6;21;1300
07/06/2021 00:00;6;21;1340
08/06/2021 00:00;6;21;1420
09/06/2021 00:00;6;21;1550
09/06/2021 00:00;6;21;1630
09/06/2021 00:00;6;21;1630
09/06/2021 00:00;6;21;1670
10/06/2021 00:00;6;21;1820
10/06/2021 00:00;6;21;1820
10/06/2021 00:00;6;21;1820
10/06/2021 00:00;1;21;7964
10/06/2021 00:00;2;21;9510
10/06/2021 00:00;3;21;6805
10/06/2021 00:00;4;21;8940
10/06/2021 00:00;5;21;9185
10/06/2021 00:00;12;20;10796
10/06/2021 00:00;11;20;11112
10/06/2021 00:00;10;20;12852
10/06/2021 00:00;9;20;12579
10/06/2021 00:00;8;20;13330
10/06/2021 00:00;6;21;1820
10/06/2021 00:00;11;20;11112
11/06/2021 00:00;6;21;2120
11/06/2021 00:00;6;21;2510
14/06/2021 00:00;6;21;3280
14/06/2021 00:00;6;21;3430
14/06/2021 00:00;6;21;3470
14/06/2021 00:00;6;21;3540
14/06/2021 00:00;6;21;3540
15/06/2021 00:00;6;21;3800
15/06/2021 00:00;6;21;3900
16/06/2021 00:00;6;21;4180
16/06/2021 00:00;6;21;4180
17/06/2021 00:00;6;21;4480
17/06/2021 00:00;6;21;4520
17/06/2021 00:00;6;21;4690
18/06/2021 00:00;6;21;4900
18/06/2021 00:00;6;21;5010
18/06/2021 00:00;6;21;5070
19/06/2021 00:00;6;21;5190
19/06/2021 00:00;6;21;5220
19/06/2021 00:00;6;21;5540
21/06/2021 00:00;6;21;5880
22/06/2021 00:00;6;21;6220
22/06/2021 00:00;6;21;6220
22/06/2021 00:00;6;21;6320
23/06/2021 00:00;6;21;6360
23/06/2021 00:00;6;21;6410
23/06/2021 00:00;6;21;6600
24/06/2021 00:00;6;21;6620
24/06/2021 00:00;6;21;6790
25/06/2021 00:00;6;21;6950
25/06/2021 00:00;6;21;7110
26/06/2021 00:00;6;21;7160
28/06/2021 00:00;6;21;7415
28/06/2021 00:00;6;21;7515
28/06/2021 00:00;6;21;7535
28/06/2021 00:00;6;21;7555
28/06/2021 00:00;6;21;7575
29/06/2021 00:00;6;21;7755
29/06/2021 00:00;6;21;7755
29/06/2021 00:00;6;21;7755
29/06/2021 00:00;6;21;7775
29/06/2021 00:00;6;21;7875
30/06/2021 00:00;6;21;7875
30/06/2021 00:00;6;21;8045
30/06/2021 00:00;6;21;8045
30/06/2021 00:00;6;21;8105
30/06/2021 00:00;6;21;8105
30/06/2021 00:00;6;21;8105
30/06/2021 00:00;6;21;8105
01/07/2021 00:00;7;21;390
02/07/2021 00:00;6;21;8105
02/07/2021 00:00;7;21;580
02/07/2021 00:00;7;21;580
02/07/2021 00:00;7;21;850
02/07/2021 00:00;7;21;950
02/07/2021 00:00;7;21;950
03/07/2021 00:00;7;21;1280
03/07/2021 00:00;7;21;1680
05/07/2021 00:00;7;21;1780
05/07/2021 00:00;7;21;1780
05/07/2021 00:00;7;21;1860
05/07/2021 00:00;7;21;2010
05/07/2021 00:00;7;21;2030
06/07/2021 00:00;7;21;2070
06/07/2021 00:00;7;21;2160
06/07/2021 00:00;7;21;2290
06/07/2021 00:00;7;21;2410
06/07/2021 00:00;7;21;2430
06/07/2021 00:00;7;21;2430
07/07/2021 00:00;7;21;2830
08/07/2021 00:00;7;21;3000
08/07/2021 00:00;7;21;3140
08/07/2021 00:00;7;21;3200
08/07/2021 00:00;7;21;3200
08/07/2021 00:00;7;21;3240
08/07/2021 00:00;7;21;3290
09/07/2021 00:00;7;21;3730
09/07/2021 00:00;7;21;3730
09/07/2021 00:00;7;21;3770
09/07/2021 00:00;7;21;3770
10/07/2021 00:00;7;21;4110
10/07/2021 00:00;7;21;4150
10/07/2021 00:00;7;21;4360
12/07/2021 00:00;7;21;4535
12/07/2021 00:00;7;21;4580
12/07/2021 00:00;7;21;4580
12/07/2021 00:00;7;21;4580
12/07/2021 00:00;7;21;4605
12/07/2021 00:00;7;21;4605
12/07/2021 00:00;7;21;4630
12/07/2021 00:00;7;21;4630
12/07/2021 00:00;7;20;10374
12/07/2021 00:00;7;21;4675
12/07/2021 00:00;7;21;4675
12/07/2021 00:00;7;21;4695
13/07/2021 00:00;7;21;5010
13/07/2021 00:00;7;21;5180
14/07/2021 00:00;7;21;5250
14/07/2021 00:00;7;21;5250
14/07/2021 00:00;7;21;5295
14/07/2021 00:00;7;21;5320
14/07/2021 00:00;7;21;5475
15/07/2021 00:00;7;21;5475
15/07/2021 00:00;7;21;5520
15/07/2021 00:00;7;21;5680
15/07/2021 00:00;7;21;5920
15/07/2021 00:00;7;21;5945
16/07/2021 00:00;7;21;6055
16/07/2021 00:00;7;21;6195
16/07/2021 00:00;7;21;6470
17/07/2021 00:00;7;21;6770
17/07/2021 00:00;7;21;7055
17/07/2021 00:00;7;21;0
17/07/2021 00:00;7;21;7100
19/07/2021 00:00;7;21;7210
19/07/2021 00:00;7;21;7235
19/07/2021 00:00;7;21;7325
19/07/2021 00:00;7;21;7485
19/07/2021 00:00;7;21;7510
19/07/2021 00:00;7;21;7510
19/07/2021 00:00;7;21;7510
19/07/2021 00:00;6;21;8150
20/07/2021 00:00;7;21;7685
20/07/2021 00:00;7;21;7685
20/07/2021 00:00;7;21;7735
20/07/2021 00:00;7;21;7855
21/07/2021 00:00;7;21;7855
21/07/2021 00:00;7;21;8095
21/07/2021 00:00;7;21;8250
21/07/2021 00:00;7;21;8375
21/07/2021 00:00;7;21;8375
21/07/2021 00:00;7;21;8375
21/07/2021 00:00;7;21;8375
22/07/2021 00:00;7;21;8375
22/07/2021 00:00;7;21;8415
22/07/2021 00:00;7;21;8510
22/07/2021 00:00;7;21;8645
22/07/2021 00:00;7;21;8765
22/07/2021 00:00;7;21;8765
23/07/2021 00:00;7;21;9160
23/07/2021 00:00;7;21;9370
23/07/2021 00:00;7;21;9370
23/07/2021 00:00;7;21;9440
24/07/2021 00:00;7;21;9620
24/07/2021 00:00;7;21;9800
24/07/2021 00:00;7;21;9865
24/07/2021 00:00;7;21;9910
24/07/2021 00:00;7;21;9935
26/07/2021 00:00;7;21;9935
26/07/2021 00:00;7;21;10040
26/07/2021 00:00;7;21;10085
26/07/2021 00:00;7;21;10150
26/07/2021 00:00;7;21;10195
27/07/2021 00:00;7;21;10440
27/07/2021 00:00;7;21;10440
27/07/2021 00:00;7;21;10500
27/07/2021 00:00;7;21;10525
27/07/2021 00:00;7;21;10570
27/07/2021 00:00;7;21;10570
27/07/2021 00:00;7;21;10605
28/07/2021 00:00;7;21;10605
28/07/2021 00:00;7;21;10695
28/07/2021 00:00;7;21;10740
28/07/2021 00:00;7;21;10740
28/07/2021 00:00;7;21;10810
28/07/2021 00:00;7;21;10810
29/07/2021 00:00;7;21;10870
29/07/2021 00:00;7;21;10915
29/07/2021 00:00;7;21;10940
29/07/2021 00:00;7;21;10940
29/07/2021 00:00;7;21;11095
29/07/2021 00:00;7;21;11095
29/07/2021 00:00;7;21;11120
29/07/2021 00:00;7;21;11190
29/07/2021 00:00;7;21;11190
29/07/2021 00:00;7;21;11225
29/07/2021 00:00;7;21;11225
29/07/2021 00:00;7;21;11225
30/07/2021 00:00;7;21;11305
30/07/2021 00:00;7;21;11435
30/07/2021 00:00;7;21;11505
30/07/2021 00:00;7;21;11750
30/07/2021 00:00;7;21;11775
30/07/2021 00:00;7;21;11775
31/07/2021 00:00;7;21;11775
31/07/2021 00:00;7;21;11890
31/07/2021 00:00;7;21;11890
31/07/2021 00:00;7;21;11980
31/07/2021 00:00;7;21;11980
31/07/2021 00:00;7;21;11980
31/07/2021 00:00;7;21;12025
31/07/2021 00:00;7;21;12070
31/07/2021 00:00;7;21;12115
31/07/2021 00:00;7;21;12160
31/07/2021 00:00;7;21;12215
31/07/2021 00:00;7;21;12215
31/07/2021 00:00;7;21;12240
31/07/2021 00:00;7;21;12265
31/07/2021 00:00;7;21;12265
02/08/2021 00:00;7;21;12265
03/08/2021 00:00;8;21;390
03/08/2021 00:00;9;21;0
03/08/2021 00:00;7;21;12265
03/08/2021 00:00;8;21;435
04/08/2021 00:00;8;21;750
04/08/2021 00:00;8;21;750
05/08/2021 00:00;8;21;870
05/08/2021 00:00;8;21;870
05/08/2021 00:00;8;21;980
05/08/2021 00:00;8;21;1125
05/08/2021 00:00;8;21;1150
06/08/2021 00:00;8;21;1265
06/08/2021 00:00;8;21;1325
06/08/2021 00:00;8;21;1395
06/08/2021 00:00;8;21;1575
06/08/2021 00:00;8;21;1575
06/08/2021 00:00;8;21;1600
06/08/2021 00:00;8;21;1685
06/08/2021 00:00;8;21;1685
07/08/2021 00:00;8;21;1970
07/08/2021 00:00;8;21;2060
07/08/2021 00:00;8;21;2190
07/08/2021 00:00;8;21;2280
07/08/2021 00:00;8;21;2305
07/08/2021 00:00;8;21;2305
09/08/2021 00:00;8;21;2305
09/08/2021 00:00;8;21;2425
09/08/2021 00:00;8;21;2575
11/08/2021 00:00;8;21;2695
11/08/2021 00:00;8;21;2785
11/08/2021 00:00;8;21;2810
11/08/2021 00:00;8;21;2835
12/08/2021 00:00;8;21;2835
12/08/2021 00:00;7;21;12265
12/08/2021 00:00;8;21;2945
12/08/2021 00:00;8;21;2970
12/08/2021 00:00;8;21;3225
12/08/2021 00:00;8;21;3225
12/08/2021 00:00;8;21;3225
12/08/2021 00:00;8;21;3255
13/08/2021 00:00;8;21;3255
13/08/2021 00:00;8;21;3300
13/08/2021 00:00;8;21;3485
13/08/2021 00:00;8;21;3640
14/08/2021 00:00;8;21;3750
14/08/2021 00:00;8;21;3750
14/08/2021 00:00;8;21;3750
14/08/2021 00:00;7;21;12265
14/08/2021 00:00;8;21;3900
14/08/2021 00:00;8;21;3985
14/08/2021 00:00;8;21;3985
14/08/2021 00:00;8;21;4030
